,Site,Date,Hour Block,ED Env Prediction
0,A,2025-09-01 00:00:00,0,15.840715032369467
1,B,2025-09-01 00:00:00,0,20.915289153429306
2,C,2025-09-01 00:00:00,0,11.468889049520936
3,D,2025-09-01 00:00:00,0,8.153162814027215
4,Total,2025-09-01 00:00:00,0,56.63227844238281
5,A,2025-09-01 06:00:00,1,33.68952225575475
6,B,2025-09-01 06:00:00,1,46.55754661906124
7,C,2025-09-01 06:00:00,1,27.34490560412781
8,D,2025-09-01 06:00:00,1,20.54095436932279
9,Total,2025-09-01 06:00:00,1,129.72613525390625
10,A,2025-09-01 12:00:00,2,48.796929244421825
11,B,2025-09-01 12:00:00,2,64.40825068706255
12,C,2025-09-01 12:00:00,2,38.1929394072735
13,D,2025-09-01 12:00:00,2,28.4433218157221
14,Total,2025-09-01 12:00:00,2,181.98277282714844
15,A,2025-09-01 18:00:00,3,40.60979567627412
16,B,2025-09-01 18:00:00,3,57.4434445080185
17,C,2025-09-01 18:00:00,3,31.980222044657157
18,D,2025-09-01 18:00:00,3,23.19430094701457
19,Total,2025-09-01 18:00:00,3,155.16720581054688
20,A,2025-09-02 00:00:00,0,14.87963101233857
21,B,2025-09-02 00:00:00,0,21.03108528326332
22,C,2025-09-02 00:00:00,0,11.03680664624415
23,D,2025-09-02 00:00:00,0,8.208690341692778
24,Total,2025-09-02 00:00:00,0,55.90232467651367
25,A,2025-09-02 06:00:00,1,31.077229240572017
26,B,2025-09-02 06:00:00,1,42.29721929435373
27,C,2025-09-02 06:00:00,1,24.838830965931763
28,D,2025-09-02 06:00:00,1,18.966618761166416
29,Total,2025-09-02 06:00:00,1,118.88552856445312
30,A,2025-09-02 12:00:00,2,45.43863394535809
31,B,2025-09-02 12:00:00,2,60.52410857009892
32,C,2025-09-02 12:00:00,2,36.42485063092535
33,D,2025-09-02 12:00:00,2,26.95062363523386
34,Total,2025-09-02 12:00:00,2,171.66851806640625
35,A,2025-09-02 18:00:00,3,39.21924093058184
36,B,2025-09-02 18:00:00,3,54.924127593573814
37,C,2025-09-02 18:00:00,3,30.73250737527092
38,D,2025-09-02 18:00:00,3,22.481860688097836
39,Total,2025-09-02 18:00:00,3,149.24490356445312
40,A,2025-09-03 00:00:00,0,15.417469704104292
41,B,2025-09-03 00:00:00,0,22.065927911772732
42,C,2025-09-03 00:00:00,0,11.854125577854532
43,D,2025-09-03 00:00:00,0,8.76367691002821
44,Total,2025-09-03 00:00:00,0,58.9194221496582
45,A,2025-09-03 06:00:00,1,31.09959627415205
46,B,2025-09-03 06:00:00,1,41.62535908918653
47,C,2025-09-03 06:00:00,1,24.571127464256644
48,D,2025-09-03 06:00:00,1,18.62305608079101
49,Total,2025-09-03 06:00:00,1,117.76053619384766
50,A,2025-09-03 12:00:00,2,45.01064666366323
51,B,2025-09-03 12:00:00,2,59.31744291248397
52,C,2025-09-03 12:00:00,2,36.66474166887207
53,D,2025-09-03 12:00:00,2,26.608864769385036
54,Total,2025-09-03 12:00:00,2,169.8057098388672
55,A,2025-09-03 18:00:00,3,38.033870025575276
56,B,2025-09-03 18:00:00,3,54.58831885664404
57,C,2025-09-03 18:00:00,3,30.021909852808008
58,D,2025-09-03 18:00:00,3,22.713629269428246
59,Total,2025-09-03 18:00:00,3,147.04345703125
60,A,2025-09-04 00:00:00,0,15.106833773101709
61,B,2025-09-04 00:00:00,0,21.803626866631298
62,C,2025-09-04 00:00:00,0,11.201574162381075
63,D,2025-09-04 00:00:00,0,7.737329001749444
64,Total,2025-09-04 00:00:00,0,56.55963134765625
65,A,2025-09-04 06:00:00,1,31.54054413899867
66,B,2025-09-04 06:00:00,1,41.840125671312606
67,C,2025-09-04 06:00:00,1,24.28139888432986
68,D,2025-09-04 06:00:00,1,18.22680726666257
69,Total,2025-09-04 06:00:00,1,117.42861938476562
70,A,2025-09-04 12:00:00,2,44.52271138869001
71,B,2025-09-04 12:00:00,2,57.87101501750723
72,C,2025-09-04 12:00:00,2,35.54651038848713
73,D,2025-09-04 12:00:00,2,25.94675470617012
74,Total,2025-09-04 12:00:00,2,165.9502410888672
75,A,2025-09-04 18:00:00,3,37.75481092716497
76,B,2025-09-04 18:00:00,3,53.97432261027964
77,C,2025-09-04 18:00:00,3,29.81618917636732
78,D,2025-09-04 18:00:00,3,22.400350275079663
79,Total,2025-09-04 18:00:00,3,145.7772216796875
80,A,2025-09-05 00:00:00,0,14.470027362411733
81,B,2025-09-05 00:00:00,0,21.19443176017785
82,C,2025-09-05 00:00:00,0,11.28272090942866
83,D,2025-09-05 00:00:00,0,8.18832802843708
84,Total,2025-09-05 00:00:00,0,56.00324630737305
85,A,2025-09-05 06:00:00,1,31.03310233719676
86,B,2025-09-05 06:00:00,1,41.45708041201879
87,C,2025-09-05 06:00:00,1,24.871187066638512
88,D,2025-09-05 06:00:00,1,18.142179759951603
89,Total,2025-09-05 06:00:00,1,117.11393737792969
90,A,2025-09-05 12:00:00,2,45.72189520693101
91,B,2025-09-05 12:00:00,2,59.24815097522763
92,C,2025-09-05 12:00:00,2,36.6148830072622
93,D,2025-09-05 12:00:00,2,27.17632988955865
94,Total,2025-09-05 12:00:00,2,171.42080688476562
95,A,2025-09-05 18:00:00,3,38.66608948495467
96,B,2025-09-05 18:00:00,3,54.501502254817694
97,C,2025-09-05 18:00:00,3,30.690461503503066
98,D,2025-09-05 18:00:00,3,22.579572641734334
99,Total,2025-09-05 18:00:00,3,148.04415893554688
100,A,2025-09-06 00:00:00,0,16.944764055696936
101,B,2025-09-06 00:00:00,0,24.41334759784617
102,C,2025-09-06 00:00:00,0,13.054969387754603
103,D,2025-09-06 00:00:00,0,9.45232737926504
104,Total,2025-09-06 00:00:00,0,65.3023910522461
105,A,2025-09-06 06:00:00,1,29.671284473835286
106,B,2025-09-06 06:00:00,1,38.62497474795096
107,C,2025-09-06 06:00:00,1,22.654984848040648
108,D,2025-09-06 06:00:00,1,17.853669450986096
109,Total,2025-09-06 06:00:00,1,110.24124908447266
110,A,2025-09-06 12:00:00,2,43.03373658627527
111,B,2025-09-06 12:00:00,2,58.73214589328925
112,C,2025-09-06 12:00:00,2,35.2039186841366
113,D,2025-09-06 12:00:00,2,26.260705733271536
114,Total,2025-09-06 12:00:00,2,165.3577117919922
115,A,2025-09-06 18:00:00,3,39.44706684348164
116,B,2025-09-06 18:00:00,3,59.43167740515659
117,C,2025-09-06 18:00:00,3,32.89842381092868
118,D,2025-09-06 18:00:00,3,23.27812025525241
119,Total,2025-09-06 18:00:00,3,157.148681640625
120,A,2025-09-07 00:00:00,0,17.24856708555791
121,B,2025-09-07 00:00:00,0,24.86102214694276
122,C,2025-09-07 00:00:00,0,13.929392078589757
123,D,2025-09-07 00:00:00,0,9.458584912054103
124,Total,2025-09-07 00:00:00,0,66.86927795410156
125,A,2025-09-07 06:00:00,1,30.663581762048786
126,B,2025-09-07 06:00:00,1,40.946665797012784
127,C,2025-09-07 06:00:00,1,23.525493696254355
128,D,2025-09-07 06:00:00,1,18.175260522332998
129,Total,2025-09-07 06:00:00,1,115.12455749511719
130,A,2025-09-07 12:00:00,2,43.4236154911318
131,B,2025-09-07 12:00:00,2,61.783473281592244
132,C,2025-09-07 12:00:00,2,36.37196192355282
133,D,2025-09-07 12:00:00,2,26.095893227673344
134,Total,2025-09-07 12:00:00,2,169.52203369140625
135,A,2025-09-07 18:00:00,3,38.91949016845044
136,B,2025-09-07 18:00:00,3,58.45814222868142
137,C,2025-09-07 18:00:00,3,32.72988652661975
138,D,2025-09-07 18:00:00,3,23.089593159683453
139,Total,2025-09-07 18:00:00,3,155.37905883789062
140,A,2025-09-08 00:00:00,0,16.024131059581656
141,B,2025-09-08 00:00:00,0,21.407716959193557
142,C,2025-09-08 00:00:00,0,12.184902451637914
143,D,2025-09-08 00:00:00,0,8.51938320039376
144,Total,2025-09-08 00:00:00,0,58.557552337646484
145,A,2025-09-08 06:00:00,1,35.12068729906197
146,B,2025-09-08 06:00:00,1,47.14830135540457
147,C,2025-09-08 06:00:00,1,27.846215211615977
148,D,2025-09-08 06:00:00,1,21.13825606433741
149,Total,2025-09-08 06:00:00,1,132.85626220703125
150,A,2025-09-08 12:00:00,2,48.396766187371405
151,B,2025-09-08 12:00:00,2,64.86994540008968
152,C,2025-09-08 12:00:00,2,39.26419701550016
153,D,2025-09-08 12:00:00,2,28.20443533014423
154,Total,2025-09-08 12:00:00,2,182.81777954101562
155,A,2025-09-08 18:00:00,3,39.73193260510892
156,B,2025-09-08 18:00:00,3,56.28119087564855
157,C,2025-09-08 18:00:00,3,31.601661744047195
158,D,2025-09-08 18:00:00,3,22.729806869616716
159,Total,2025-09-08 18:00:00,3,151.79351806640625
160,A,2025-09-09 00:00:00,0,14.950018292811997
161,B,2025-09-09 00:00:00,0,21.216635203861124
162,C,2025-09-09 00:00:00,0,11.369697106442072
163,D,2025-09-09 00:00:00,0,8.439410810459028
164,Total,2025-09-09 00:00:00,0,56.870330810546875
165,A,2025-09-09 06:00:00,1,30.66782587263735
166,B,2025-09-09 06:00:00,1,42.28486553742852
167,C,2025-09-09 06:00:00,1,24.884101881325254
168,D,2025-09-09 06:00:00,1,18.723680150686512
169,Total,2025-09-09 06:00:00,1,117.80878448486328
170,A,2025-09-09 12:00:00,2,44.9615030712384
171,B,2025-09-09 12:00:00,2,60.083692880760765
172,C,2025-09-09 12:00:00,2,36.2709655593253
173,D,2025-09-09 12:00:00,2,27.034406306363522
174,Total,2025-09-09 12:00:00,2,169.9752655029297
175,A,2025-09-09 18:00:00,3,39.0045379317341
176,B,2025-09-09 18:00:00,3,55.19787742001327
177,C,2025-09-09 18:00:00,3,30.680208485403178
178,D,2025-09-09 18:00:00,3,22.816103770576504
179,Total,2025-09-09 18:00:00,3,149.29299926757812
180,A,2025-09-10 00:00:00,0,14.319004304076902
181,B,2025-09-10 00:00:00,0,20.753205761991218
182,C,2025-09-10 00:00:00,0,11.147819459982234
183,D,2025-09-10 00:00:00,0,8.052244968120787
184,Total,2025-09-10 00:00:00,0,54.00071334838867
185,A,2025-09-10 06:00:00,1,31.331472568446088
186,B,2025-09-10 06:00:00,1,41.60948448464265
187,C,2025-09-10 06:00:00,1,24.638481375063378
188,D,2025-09-10 06:00:00,1,18.81997468067357
189,Total,2025-09-10 06:00:00,1,117.6387939453125
190,A,2025-09-10 12:00:00,2,44.322605557088764
191,B,2025-09-10 12:00:00,2,59.1314985115861
192,C,2025-09-10 12:00:00,2,36.127703741293395
193,D,2025-09-10 12:00:00,2,26.08357266793702
194,Total,2025-09-10 12:00:00,2,168.127197265625
195,A,2025-09-10 18:00:00,3,37.86147561296266
196,B,2025-09-10 18:00:00,3,54.639376505905844
197,C,2025-09-10 18:00:00,3,30.342292426862578
198,D,2025-09-10 18:00:00,3,22.621934761825074
199,Total,2025-09-10 18:00:00,3,146.71096801757812
200,A,2025-09-11 00:00:00,0,14.519009362750069
201,B,2025-09-11 00:00:00,0,20.77869731658724
202,C,2025-09-11 00:00:00,0,10.93607342866153
203,D,2025-09-11 00:00:00,0,7.922229089236266
204,Total,2025-09-11 00:00:00,0,54.85353088378906
205,A,2025-09-11 06:00:00,1,31.49705641576578
206,B,2025-09-11 06:00:00,1,41.28702540463799
207,C,2025-09-11 06:00:00,1,24.277299922408304
208,D,2025-09-11 06:00:00,1,18.36008699192914
209,Total,2025-09-11 06:00:00,1,117.2336196899414
210,A,2025-09-11 12:00:00,2,44.37612287924361
211,B,2025-09-11 12:00:00,2,57.863292873137226
212,C,2025-09-11 12:00:00,2,34.842084322637206
213,D,2025-09-11 12:00:00,2,25.633963563287615
214,Total,2025-09-11 12:00:00,2,165.0044403076172
215,A,2025-09-11 18:00:00,3,38.01774344247069
216,B,2025-09-11 18:00:00,3,54.434259309300124
217,C,2025-09-11 18:00:00,3,30.244662841994376
218,D,2025-09-11 18:00:00,3,22.498447588302685
219,Total,2025-09-11 18:00:00,3,147.12484741210938
220,A,2025-09-12 00:00:00,0,14.704254666017217
221,B,2025-09-12 00:00:00,0,21.383484853018267
222,C,2025-09-12 00:00:00,0,11.351748798042843
223,D,2025-09-12 00:00:00,0,8.075556372100142
224,Total,2025-09-12 00:00:00,0,56.36748504638672
225,A,2025-09-12 06:00:00,1,31.178333659711264
226,B,2025-09-12 06:00:00,1,40.994747478471595
227,C,2025-09-12 06:00:00,1,24.87709598860087
228,D,2025-09-12 06:00:00,1,18.83819720182956
229,Total,2025-09-12 06:00:00,1,118.03943634033203
230,A,2025-09-12 12:00:00,2,44.963708359933264
231,B,2025-09-12 12:00:00,2,58.77615762390347
232,C,2025-09-12 12:00:00,2,35.68550654291083
233,D,2025-09-12 12:00:00,2,26.674961640732903
234,Total,2025-09-12 12:00:00,2,168.40516662597656
235,A,2025-09-12 18:00:00,3,38.941226268957564
236,B,2025-09-12 18:00:00,3,54.1669679660198
237,C,2025-09-12 18:00:00,3,30.409378020436655
238,D,2025-09-12 18:00:00,3,22.430762438494675
239,Total,2025-09-12 18:00:00,3,147.84835815429688
240,A,2025-09-13 00:00:00,0,16.32559470296593
241,B,2025-09-13 00:00:00,0,22.867205921786553
242,C,2025-09-13 00:00:00,0,12.368435998815691
243,D,2025-09-13 00:00:00,0,9.058982130246523
244,Total,2025-09-13 00:00:00,0,61.506309509277344
245,A,2025-09-13 06:00:00,1,30.08528229334604
246,B,2025-09-13 06:00:00,1,39.324378548184214
247,C,2025-09-13 06:00:00,1,22.666771710651098
248,D,2025-09-13 06:00:00,1,17.773203525699504
249,Total,2025-09-13 06:00:00,1,111.40082550048828
250,A,2025-09-13 12:00:00,2,43.12799834028663
251,B,2025-09-13 12:00:00,2,59.1124881437774
252,C,2025-09-13 12:00:00,2,34.70846991193007
253,D,2025-09-13 12:00:00,2,26.391320322145553
254,Total,2025-09-13 12:00:00,2,165.38987731933594
255,A,2025-09-13 18:00:00,3,39.271500083237804
256,B,2025-09-13 18:00:00,3,58.12866504206629
257,C,2025-09-13 18:00:00,3,32.23746301843859
258,D,2025-09-13 18:00:00,3,23.396525794550776
259,Total,2025-09-13 18:00:00,3,155.16529846191406
260,A,2025-09-14 00:00:00,0,17.288818157072303
261,B,2025-09-14 00:00:00,0,23.954221591323176
262,C,2025-09-14 00:00:00,0,13.114376813557982
263,D,2025-09-14 00:00:00,0,9.35212571252164
264,Total,2025-09-14 00:00:00,0,64.3329849243164
265,A,2025-09-14 06:00:00,1,30.482950097932072
266,B,2025-09-14 06:00:00,1,41.37036787789346
267,C,2025-09-14 06:00:00,1,23.440623497262152
268,D,2025-09-14 06:00:00,1,18.346021676936733
269,Total,2025-09-14 06:00:00,1,115.56609344482422
270,A,2025-09-14 12:00:00,2,44.03964252743401
271,B,2025-09-14 12:00:00,2,61.2298061386055
272,C,2025-09-14 12:00:00,2,36.16180019532617
273,D,2025-09-14 12:00:00,2,26.376486581749557
274,Total,2025-09-14 12:00:00,2,170.2901611328125
275,A,2025-09-14 18:00:00,3,38.99838108232495
276,B,2025-09-14 18:00:00,3,58.07261853372651
277,C,2025-09-14 18:00:00,3,32.303396890003626
278,D,2025-09-14 18:00:00,3,22.920153435961517
279,Total,2025-09-14 18:00:00,3,154.0708465576172
280,A,2025-09-15 00:00:00,0,16.090678988252606
281,B,2025-09-15 00:00:00,0,21.615417726487195
282,C,2025-09-15 00:00:00,0,12.117056214265114
283,D,2025-09-15 00:00:00,0,8.44916161948752
284,Total,2025-09-15 00:00:00,0,58.678489685058594
285,A,2025-09-15 06:00:00,1,34.171480520571464
286,B,2025-09-15 06:00:00,1,46.235196524513405
287,C,2025-09-15 06:00:00,1,27.384422451858683
288,D,2025-09-15 06:00:00,1,20.273165754216116
289,Total,2025-09-15 06:00:00,1,129.83937072753906
290,A,2025-09-15 12:00:00,2,48.05795827826947
291,B,2025-09-15 12:00:00,2,63.53617228603812
292,C,2025-09-15 12:00:00,2,38.94848990190721
293,D,2025-09-15 12:00:00,2,28.405214502352102
294,Total,2025-09-15 12:00:00,2,180.94435119628906
295,A,2025-09-15 18:00:00,3,39.54431730062787
296,B,2025-09-15 18:00:00,3,56.67611613340883
297,C,2025-09-15 18:00:00,3,31.139322699433656
298,D,2025-09-15 18:00:00,3,22.86099848994273
299,Total,2025-09-15 18:00:00,3,151.5552215576172
300,A,2025-09-16 00:00:00,0,14.316173968874217
301,B,2025-09-16 00:00:00,0,20.687777586662552
302,C,2025-09-16 00:00:00,0,10.854142929216986
303,D,2025-09-16 00:00:00,0,8.11757203822598
304,Total,2025-09-16 00:00:00,0,54.564693450927734
305,A,2025-09-16 06:00:00,1,30.72247162331293
306,B,2025-09-16 06:00:00,1,41.72529995142101
307,C,2025-09-16 06:00:00,1,24.853495736171475
308,D,2025-09-16 06:00:00,1,18.640981987190287
309,Total,2025-09-16 06:00:00,1,117.58975982666016
310,A,2025-09-16 12:00:00,2,45.11294712236311
311,B,2025-09-16 12:00:00,2,60.21508741395219
312,C,2025-09-16 12:00:00,2,36.547406022584056
313,D,2025-09-16 12:00:00,2,26.65995220233111
314,Total,2025-09-16 12:00:00,2,170.9443817138672
315,A,2025-09-16 18:00:00,3,39.1428318215523
316,B,2025-09-16 18:00:00,3,55.17440510833816
317,C,2025-09-16 18:00:00,3,30.85138520888891
318,D,2025-09-16 18:00:00,3,22.485701439101483
319,Total,2025-09-16 18:00:00,3,149.30809020996094
320,A,2025-09-17 00:00:00,0,14.499559888209202
321,B,2025-09-17 00:00:00,0,20.645796044442765
322,C,2025-09-17 00:00:00,0,11.19920775536518
323,D,2025-09-17 00:00:00,0,7.89909437777875
324,Total,2025-09-17 00:00:00,0,54.61381912231445
325,A,2025-09-17 06:00:00,1,31.11248783459103
326,B,2025-09-17 06:00:00,1,41.6148508558475
327,C,2025-09-17 06:00:00,1,24.431843298951726
328,D,2025-09-17 06:00:00,1,18.730397783558963
329,Total,2025-09-17 06:00:00,1,117.92259216308594
330,A,2025-09-17 12:00:00,2,44.489182694763315
331,B,2025-09-17 12:00:00,2,59.77330434979926
332,C,2025-09-17 12:00:00,2,35.95674038875036
333,D,2025-09-17 12:00:00,2,26.76861894119878
334,Total,2025-09-17 12:00:00,2,169.215087890625
335,A,2025-09-17 18:00:00,3,38.25391233615062
336,B,2025-09-17 18:00:00,3,54.23154082789401
337,C,2025-09-17 18:00:00,3,30.019121356486153
338,D,2025-09-17 18:00:00,3,22.21767069583884
339,Total,2025-09-17 18:00:00,3,146.17242431640625
340,A,2025-09-18 00:00:00,0,14.238589090918925
341,B,2025-09-18 00:00:00,0,20.215307788982614
342,C,2025-09-18 00:00:00,0,10.458729476791753
343,D,2025-09-18 00:00:00,0,7.997004895595525
344,Total,2025-09-18 00:00:00,0,53.608123779296875
345,A,2025-09-18 06:00:00,1,31.5168550884017
346,B,2025-09-18 06:00:00,1,41.911192717140025
347,C,2025-09-18 06:00:00,1,24.44632063092051
348,D,2025-09-18 06:00:00,1,18.474572412841958
349,Total,2025-09-18 06:00:00,1,118.2110824584961
350,A,2025-09-18 12:00:00,2,44.47130554945673
351,B,2025-09-18 12:00:00,2,58.192153101515906
352,C,2025-09-18 12:00:00,2,34.990001946465156
353,D,2025-09-18 12:00:00,2,25.544793034153994
354,Total,2025-09-18 12:00:00,2,165.77980041503906
355,A,2025-09-18 18:00:00,3,37.89015932336001
356,B,2025-09-18 18:00:00,3,54.24926964995464
357,C,2025-09-18 18:00:00,3,30.397566662467057
358,D,2025-09-18 18:00:00,3,22.174744857992714
359,Total,2025-09-18 18:00:00,3,146.7310333251953
360,A,2025-09-19 00:00:00,0,14.216656518175975
361,B,2025-09-19 00:00:00,0,20.69546775664844
362,C,2025-09-19 00:00:00,0,10.981375603763478
363,D,2025-09-19 00:00:00,0,8.068162890729731
364,Total,2025-09-19 00:00:00,0,54.059696197509766
365,A,2025-09-19 06:00:00,1,30.635348630097425
366,B,2025-09-19 06:00:00,1,40.887540293610684
367,C,2025-09-19 06:00:00,1,24.774406050925492
368,D,2025-09-19 06:00:00,1,18.59476244418964
369,Total,2025-09-19 06:00:00,1,116.09239196777344
370,A,2025-09-19 12:00:00,2,45.524085389163716
371,B,2025-09-19 12:00:00,2,58.975489638744584
372,C,2025-09-19 12:00:00,2,35.94131540241997
373,D,2025-09-19 12:00:00,2,26.68141257870493
374,Total,2025-09-19 12:00:00,2,169.47071838378906
375,A,2025-09-19 18:00:00,3,38.60477196845858
376,B,2025-09-19 18:00:00,3,54.83507373373669
377,C,2025-09-19 18:00:00,3,30.742515605070494
378,D,2025-09-19 18:00:00,3,22.576212224838727
379,Total,2025-09-19 18:00:00,3,148.1062774658203
380,A,2025-09-20 00:00:00,0,16.117888385293774
381,B,2025-09-20 00:00:00,0,23.181765728691666
382,C,2025-09-20 00:00:00,0,12.250549870453149
383,D,2025-09-20 00:00:00,0,8.837792689145394
384,Total,2025-09-20 00:00:00,0,61.08988952636719
385,A,2025-09-20 06:00:00,1,29.965574067927548
386,B,2025-09-20 06:00:00,1,39.2651424135868
387,C,2025-09-20 06:00:00,1,22.99667407581836
388,D,2025-09-20 06:00:00,1,17.73604843039923
389,Total,2025-09-20 06:00:00,1,111.68244171142578
390,A,2025-09-20 12:00:00,2,43.3633183277106
391,B,2025-09-20 12:00:00,2,59.81405881038191
392,C,2025-09-20 12:00:00,2,34.82128241465601
393,D,2025-09-20 12:00:00,2,26.297874031846213
394,Total,2025-09-20 12:00:00,2,166.33816528320312
395,A,2025-09-20 18:00:00,3,39.2733137396777
396,B,2025-09-20 18:00:00,3,58.43925726989402
397,C,2025-09-20 18:00:00,3,32.483944981890886
398,D,2025-09-20 18:00:00,3,23.47636227391825
399,Total,2025-09-20 18:00:00,3,155.8537139892578
400,A,2025-09-21 00:00:00,0,17.285286729375663
401,B,2025-09-21 00:00:00,0,24.531967102501895
402,C,2025-09-21 00:00:00,0,13.566068842570164
403,D,2025-09-21 00:00:00,0,9.324271243398957
404,Total,2025-09-21 00:00:00,0,65.46996307373047
405,A,2025-09-21 06:00:00,1,30.37801514961305
406,B,2025-09-21 06:00:00,1,42.047465892571054
407,C,2025-09-21 06:00:00,1,23.351066197901638
408,D,2025-09-21 06:00:00,1,18.059586716823446
409,Total,2025-09-21 06:00:00,1,115.6607437133789
410,A,2025-09-21 12:00:00,2,43.734864313331286
411,B,2025-09-21 12:00:00,2,60.64322752459499
412,C,2025-09-21 12:00:00,2,35.35121018729195
413,D,2025-09-21 12:00:00,2,25.843255424122596
414,Total,2025-09-21 12:00:00,2,167.49591064453125
415,A,2025-09-21 18:00:00,3,38.72315907729103
416,B,2025-09-21 18:00:00,3,57.635418445932885
417,C,2025-09-21 18:00:00,3,31.839911861845994
418,D,2025-09-21 18:00:00,3,22.769172472535068
419,Total,2025-09-21 18:00:00,3,152.4441680908203
420,A,2025-09-22 00:00:00,0,16.209952249442527
421,B,2025-09-22 00:00:00,0,21.692867709895364
422,C,2025-09-22 00:00:00,0,12.164117986268842
423,D,2025-09-22 00:00:00,0,8.21838424372432
424,Total,2025-09-22 00:00:00,0,59.32986068725586
425,A,2025-09-22 06:00:00,1,34.233878107364674
426,B,2025-09-22 06:00:00,1,46.66463690581618
427,C,2025-09-22 06:00:00,1,27.727293030504413
428,D,2025-09-22 06:00:00,1,20.52393694380253
429,Total,2025-09-22 06:00:00,1,131.2328338623047
430,A,2025-09-22 12:00:00,2,49.15879608461177
431,B,2025-09-22 12:00:00,2,64.72947084809498
432,C,2025-09-22 12:00:00,2,38.8046130850831
433,D,2025-09-22 12:00:00,2,28.772841112581247
434,Total,2025-09-22 12:00:00,2,183.97140502929688
435,A,2025-09-22 18:00:00,3,39.89197665740046
436,B,2025-09-22 18:00:00,3,56.73218476837102
437,C,2025-09-22 18:00:00,3,32.03921498677147
438,D,2025-09-22 18:00:00,3,23.067116179314954
439,Total,2025-09-22 18:00:00,3,153.6307830810547
440,A,2025-09-23 00:00:00,0,14.423435033368627
441,B,2025-09-23 00:00:00,0,20.88122384407243
442,C,2025-09-23 00:00:00,0,11.07770497314575
443,D,2025-09-23 00:00:00,0,7.906205122954452
444,Total,2025-09-23 00:00:00,0,54.93492126464844
445,A,2025-09-23 06:00:00,1,31.775893387887688
446,B,2025-09-23 06:00:00,1,43.255242066411626
447,C,2025-09-23 06:00:00,1,25.20084446964802
448,D,2025-09-23 06:00:00,1,18.953022403018004
449,Total,2025-09-23 06:00:00,1,121.4810562133789
450,A,2025-09-23 12:00:00,2,44.80104471210195
451,B,2025-09-23 12:00:00,2,59.60815553290171
452,C,2025-09-23 12:00:00,2,35.80234175805429
453,D,2025-09-23 12:00:00,2,26.5444947553649
454,Total,2025-09-23 12:00:00,2,168.98159790039062
455,A,2025-09-23 18:00:00,3,38.16443453649177
456,B,2025-09-23 18:00:00,3,54.247119938708664
457,C,2025-09-23 18:00:00,3,30.769147258387086
458,D,2025-09-23 18:00:00,3,21.92058801555799
459,Total,2025-09-23 18:00:00,3,146.56991577148438
460,A,2025-09-24 00:00:00,0,15.005297503832129
461,B,2025-09-24 00:00:00,0,21.63829978795951
462,C,2025-09-24 00:00:00,0,11.637280284238553
463,D,2025-09-24 00:00:00,0,8.474406733357018
464,Total,2025-09-24 00:00:00,0,57.5400276184082
465,A,2025-09-24 06:00:00,1,31.407232732282278
466,B,2025-09-24 06:00:00,1,41.91690995494265
467,C,2025-09-24 06:00:00,1,24.664887217273936
468,D,2025-09-24 06:00:00,1,18.874926546917152
469,Total,2025-09-24 06:00:00,1,118.7573471069336
470,A,2025-09-24 12:00:00,2,44.562668679811125
471,B,2025-09-24 12:00:00,2,59.21438912655428
472,C,2025-09-24 12:00:00,2,35.57708164018652
473,D,2025-09-24 12:00:00,2,26.04103744096028
474,Total,2025-09-24 12:00:00,2,167.72811889648438
475,A,2025-09-24 18:00:00,3,38.457464693972376
476,B,2025-09-24 18:00:00,3,54.48067508686282
477,C,2025-09-24 18:00:00,3,30.217796527984795
478,D,2025-09-24 18:00:00,3,22.179032258074542
479,Total,2025-09-24 18:00:00,3,147.0243377685547
480,A,2025-09-25 00:00:00,0,14.669550201887427
481,B,2025-09-25 00:00:00,0,20.506056617400734
482,C,2025-09-25 00:00:00,0,10.625681309845675
483,D,2025-09-25 00:00:00,0,7.680562971787794
484,Total,2025-09-25 00:00:00,0,54.292667388916016
485,A,2025-09-25 06:00:00,1,30.950153632780403
486,B,2025-09-25 06:00:00,1,41.54195678450401
487,C,2025-09-25 06:00:00,1,24.299187319208098
488,D,2025-09-25 06:00:00,1,18.128320870074873
489,Total,2025-09-25 06:00:00,1,116.25045776367188
490,A,2025-09-25 12:00:00,2,44.427647632943085
491,B,2025-09-25 12:00:00,2,57.93353437876007
492,C,2025-09-25 12:00:00,2,35.40506019273892
493,D,2025-09-25 12:00:00,2,25.914002241358702
494,Total,2025-09-25 12:00:00,2,165.5701904296875
495,A,2025-09-25 18:00:00,3,37.0430962130355
496,B,2025-09-25 18:00:00,3,53.058502198613354
497,C,2025-09-25 18:00:00,3,29.38150610768131
498,D,2025-09-25 18:00:00,3,22.07924003175627
499,Total,2025-09-25 18:00:00,3,143.26519775390625
500,A,2025-09-26 00:00:00,0,13.841581341703137
501,B,2025-09-26 00:00:00,0,20.48654614855807
502,C,2025-09-26 00:00:00,0,11.190269464703018
503,D,2025-09-26 00:00:00,0,8.19896401839393
504,Total,2025-09-26 00:00:00,0,54.07587814331055
505,A,2025-09-26 06:00:00,1,30.81907115989293
506,B,2025-09-26 06:00:00,1,41.73910570747424
507,C,2025-09-26 06:00:00,1,24.65287552697758
508,D,2025-09-26 06:00:00,1,18.57625439123875
509,Total,2025-09-26 06:00:00,1,117.3613052368164
510,A,2025-09-26 12:00:00,2,44.57965799458047
511,B,2025-09-26 12:00:00,2,58.265635150237145
512,C,2025-09-26 12:00:00,2,35.753436360155064
513,D,2025-09-26 12:00:00,2,26.300490007966776
514,Total,2025-09-26 12:00:00,2,166.92076110839844
515,A,2025-09-26 18:00:00,3,37.9163904246346
516,B,2025-09-26 18:00:00,3,53.882240325811864
517,C,2025-09-26 18:00:00,3,30.540761646872497
518,D,2025-09-26 18:00:00,3,21.79238536604774
519,Total,2025-09-26 18:00:00,3,145.93911743164062
520,A,2025-09-27 00:00:00,0,15.80601324110993
521,B,2025-09-27 00:00:00,0,23.941430123721155
522,C,2025-09-27 00:00:00,0,12.639081544849692
523,D,2025-09-27 00:00:00,0,8.778182274157116
524,Total,2025-09-27 00:00:00,0,62.18344497680664
525,A,2025-09-27 06:00:00,1,29.132887882332035
526,B,2025-09-27 06:00:00,1,38.33505675795635
527,C,2025-09-27 06:00:00,1,22.6455632709806
528,D,2025-09-27 06:00:00,1,17.467603996690002
529,Total,2025-09-27 06:00:00,1,108.85717010498047
530,A,2025-09-27 12:00:00,2,42.36126100664465
531,B,2025-09-27 12:00:00,2,58.74775252639783
532,C,2025-09-27 12:00:00,2,34.958911831080556
533,D,2025-09-27 12:00:00,2,26.288435071362798
534,Total,2025-09-27 12:00:00,2,164.6690673828125
535,A,2025-09-27 18:00:00,3,39.077203217681955
536,B,2025-09-27 18:00:00,3,59.1229632000491
537,C,2025-09-27 18:00:00,3,32.880973555356064
538,D,2025-09-27 18:00:00,3,23.303083011226853
539,Total,2025-09-27 18:00:00,3,156.6090087890625
540,A,2025-09-28 00:00:00,0,16.890008390780476
541,B,2025-09-28 00:00:00,0,24.16160334954855
542,C,2025-09-28 00:00:00,0,13.520710758718263
543,D,2025-09-28 00:00:00,0,9.389691699255936
544,Total,2025-09-28 00:00:00,0,64.73115539550781
545,A,2025-09-28 06:00:00,1,29.949536761035034
546,B,2025-09-28 06:00:00,1,40.10595027657175
547,C,2025-09-28 06:00:00,1,23.419887777884124
548,D,2025-09-28 06:00:00,1,17.531374337646305
549,Total,2025-09-28 06:00:00,1,112.17884826660156
550,A,2025-09-28 12:00:00,2,44.4005355373784
551,B,2025-09-28 12:00:00,2,61.389446005882185
552,C,2025-09-28 12:00:00,2,36.18339211618073
553,D,2025-09-28 12:00:00,2,26.30633329551474
554,Total,2025-09-28 12:00:00,2,170.63882446289062
555,A,2025-09-28 18:00:00,3,38.49545633410395
556,B,2025-09-28 18:00:00,3,57.789383128762694
557,C,2025-09-28 18:00:00,3,32.13272539813461
558,D,2025-09-28 18:00:00,3,22.60629607039524
559,Total,2025-09-28 18:00:00,3,152.94741821289062
560,A,2025-09-29 00:00:00,0,16.168317734849946
561,B,2025-09-29 00:00:00,0,21.92293280186919
562,C,2025-09-29 00:00:00,0,12.308314440140634
563,D,2025-09-29 00:00:00,0,8.366463427376068
564,Total,2025-09-29 00:00:00,0,59.766075134277344
565,A,2025-09-29 06:00:00,1,34.09122217316474
566,B,2025-09-29 06:00:00,1,46.314761800124046
567,C,2025-09-29 06:00:00,1,27.723862937319915
568,D,2025-09-29 06:00:00,1,20.236105581151563
569,Total,2025-09-29 06:00:00,1,129.96534729003906
570,A,2025-09-29 12:00:00,2,49.312963384879396
571,B,2025-09-29 12:00:00,2,64.94731268967968
572,C,2025-09-29 12:00:00,2,39.27450380598973
573,D,2025-09-29 12:00:00,2,28.50884785840382
574,Total,2025-09-29 12:00:00,2,184.3496856689453
575,A,2025-09-29 18:00:00,3,39.45578916522325
576,B,2025-09-29 18:00:00,3,56.245952281755535
577,C,2025-09-29 18:00:00,3,31.213240019781853
578,D,2025-09-29 18:00:00,3,22.259150880346287
579,Total,2025-09-29 18:00:00,3,150.61546325683594
580,A,2025-09-30 00:00:00,0,14.62332163924485
581,B,2025-09-30 00:00:00,0,20.529940343036056
582,C,2025-09-30 00:00:00,0,11.780918847925946
583,D,2025-09-30 00:00:00,0,7.842571164879819
584,Total,2025-09-30 00:00:00,0,55.49753952026367
585,A,2025-09-30 06:00:00,1,31.079138798743635
586,B,2025-09-30 06:00:00,1,43.33410726443657
587,C,2025-09-30 06:00:00,1,25.04679347770413
588,D,2025-09-30 06:00:00,1,18.549472406747505
589,Total,2025-09-30 06:00:00,1,119.65711212158203
590,A,2025-09-30 12:00:00,2,44.47824714804156
591,B,2025-09-30 12:00:00,2,59.28736674971441
592,C,2025-09-30 12:00:00,2,36.1428587606117
593,D,2025-09-30 12:00:00,2,26.089068769244626
594,Total,2025-09-30 12:00:00,2,168.4648895263672
595,A,2025-09-30 18:00:00,3,38.56382545257035
596,B,2025-09-30 18:00:00,3,54.02792689401955
597,C,2025-09-30 18:00:00,3,30.642408350453294
598,D,2025-09-30 18:00:00,3,21.96063586515163
599,Total,2025-09-30 18:00:00,3,146.95777893066406
600,A,2025-10-01 00:00:00,0,14.4541960699535
601,B,2025-10-01 00:00:00,0,20.572349001438514
602,C,2025-10-01 00:00:00,0,11.462116963724796
603,D,2025-10-01 00:00:00,0,7.927089898934704
604,Total,2025-10-01 00:00:00,0,56.49810791015625
605,A,2025-10-01 06:00:00,1,32.3658763485993
606,B,2025-10-01 06:00:00,1,43.77195251222427
607,C,2025-10-01 06:00:00,1,26.002927290742544
608,D,2025-10-01 06:00:00,1,19.366309621444138
609,Total,2025-10-01 06:00:00,1,126.70100402832031
610,A,2025-10-01 12:00:00,2,45.78839110999429
611,B,2025-10-01 12:00:00,2,60.220862659736675
612,C,2025-10-01 12:00:00,2,37.44923440493373
613,D,2025-10-01 12:00:00,2,26.57578974128989
614,Total,2025-10-01 12:00:00,2,177.46067810058594
615,A,2025-10-01 18:00:00,3,39.443079659802976
616,B,2025-10-01 18:00:00,3,56.155597519745356
617,C,2025-10-01 18:00:00,3,31.045097965264524
618,D,2025-10-01 18:00:00,3,23.031509240868296
619,Total,2025-10-01 18:00:00,3,156.6050262451172
620,A,2025-10-02 00:00:00,0,14.858529363185696
621,B,2025-10-02 00:00:00,0,21.36394337169517
622,C,2025-10-02 00:00:00,0,11.365804010684691
623,D,2025-10-02 00:00:00,0,8.121366618387079
624,Total,2025-10-02 00:00:00,0,57.95003890991211
625,A,2025-10-02 06:00:00,1,32.625558380219545
626,B,2025-10-02 06:00:00,1,43.04331360969046
627,C,2025-10-02 06:00:00,1,25.535214195229482
628,D,2025-10-02 06:00:00,1,18.84474003251189
629,Total,2025-10-02 06:00:00,1,125.47122192382812
630,A,2025-10-02 12:00:00,2,44.954764969500744
631,B,2025-10-02 12:00:00,2,59.22153613934253
632,C,2025-10-02 12:00:00,2,35.88777389398902
633,D,2025-10-02 12:00:00,2,25.792222490148653
634,Total,2025-10-02 12:00:00,2,172.60874938964844
635,A,2025-10-02 18:00:00,3,38.74432900385358
636,B,2025-10-02 18:00:00,3,55.37181952287795
637,C,2025-10-02 18:00:00,3,30.216573014473166
638,D,2025-10-02 18:00:00,3,22.51424520226454
639,Total,2025-10-02 18:00:00,3,153.58724975585938
640,A,2025-10-03 00:00:00,0,14.836940203230757
641,B,2025-10-03 00:00:00,0,21.341748222599186
642,C,2025-10-03 00:00:00,0,11.40829644177628
643,D,2025-10-03 00:00:00,0,8.18547273203367
644,Total,2025-10-03 00:00:00,0,58.546165466308594
645,A,2025-10-03 06:00:00,1,31.893995144548693
646,B,2025-10-03 06:00:00,1,42.145238018789044
647,C,2025-10-03 06:00:00,1,25.160502116438234
648,D,2025-10-03 06:00:00,1,18.691677455209383
649,Total,2025-10-03 06:00:00,1,123.3243179321289
650,A,2025-10-03 12:00:00,2,46.19737389021843
651,B,2025-10-03 12:00:00,2,60.653906007714454
652,C,2025-10-03 12:00:00,2,36.93042234019757
653,D,2025-10-03 12:00:00,2,26.70540408511173
654,Total,2025-10-03 12:00:00,2,177.8061065673828
655,A,2025-10-03 18:00:00,3,39.55048583990916
656,B,2025-10-03 18:00:00,3,55.579186768960604
657,C,2025-10-03 18:00:00,3,31.483235406017894
658,D,2025-10-03 18:00:00,3,22.649707188969764
659,Total,2025-10-03 18:00:00,3,155.39910888671875
660,A,2025-10-04 00:00:00,0,16.496109360276073
661,B,2025-10-04 00:00:00,0,23.87681450551942
662,C,2025-10-04 00:00:00,0,12.36079209928467
663,D,2025-10-04 00:00:00,0,8.903093860817053
664,Total,2025-10-04 00:00:00,0,64.36743927001953
665,A,2025-10-04 06:00:00,1,29.835484430431755
666,B,2025-10-04 06:00:00,1,40.28104787939698
667,C,2025-10-04 06:00:00,1,22.83682093668755
668,D,2025-10-04 06:00:00,1,17.26267115228743
669,Total,2025-10-04 06:00:00,1,114.99606323242188
670,A,2025-10-04 12:00:00,2,43.5617343526758
671,B,2025-10-04 12:00:00,2,59.33844942494717
672,C,2025-10-04 12:00:00,2,35.34342455628756
673,D,2025-10-04 12:00:00,2,26.514464519177857
674,Total,2025-10-04 12:00:00,2,171.7441864013672
675,A,2025-10-04 18:00:00,3,40.587779086771434
676,B,2025-10-04 18:00:00,3,58.972368841716396
677,C,2025-10-04 18:00:00,3,33.01440932812284
678,D,2025-10-04 18:00:00,3,23.57314305314275
679,Total,2025-10-04 18:00:00,3,162.89505004882812
680,A,2025-10-05 00:00:00,0,17.022267602453834
681,B,2025-10-05 00:00:00,0,24.639840315532403
682,C,2025-10-05 00:00:00,0,13.594798311590013
683,D,2025-10-05 00:00:00,0,9.452961247840742
684,Total,2025-10-05 00:00:00,0,67.68980407714844
685,A,2025-10-05 06:00:00,1,31.343113503759405
686,B,2025-10-05 06:00:00,1,42.64488028087629
687,C,2025-10-05 06:00:00,1,24.008829990465372
688,D,2025-10-05 06:00:00,1,18.30962802238428
689,Total,2025-10-05 06:00:00,1,121.24944305419922
690,A,2025-10-05 12:00:00,2,44.90230299800874
691,B,2025-10-05 12:00:00,2,62.737826751395666
692,C,2025-10-05 12:00:00,2,36.56534180884113
693,D,2025-10-05 12:00:00,2,26.546510176983954
694,Total,2025-10-05 12:00:00,2,177.97549438476562
695,A,2025-10-05 18:00:00,3,39.624164362769505
696,B,2025-10-05 18:00:00,3,59.14002675983649
697,C,2025-10-05 18:00:00,3,32.98770444664544
698,D,2025-10-05 18:00:00,3,23.312795974327674
699,Total,2025-10-05 18:00:00,3,161.96437072753906
700,A,2025-10-06 00:00:00,0,16.065670461161492
701,B,2025-10-06 00:00:00,0,22.378470418792602
702,C,2025-10-06 00:00:00,0,12.019035780592437
703,D,2025-10-06 00:00:00,0,8.392759866705665
704,Total,2025-10-06 00:00:00,0,61.07774353027344
705,A,2025-10-06 06:00:00,1,35.50107269486213
706,B,2025-10-06 06:00:00,1,47.60215569480947
707,C,2025-10-06 06:00:00,1,28.354712130040575
708,D,2025-10-06 06:00:00,1,20.49185901794651
709,Total,2025-10-06 06:00:00,1,137.7862091064453
710,A,2025-10-06 12:00:00,2,50.62879455950083
711,B,2025-10-06 12:00:00,2,66.40037145495057
712,C,2025-10-06 12:00:00,2,39.66154762335411
713,D,2025-10-06 12:00:00,2,29.093263870739403
714,Total,2025-10-06 12:00:00,2,194.24293518066406
715,A,2025-10-06 18:00:00,3,40.557570667310706
716,B,2025-10-06 18:00:00,3,57.19282025007581
717,C,2025-10-06 18:00:00,3,32.28861303203178
718,D,2025-10-06 18:00:00,3,23.13484992478824
719,Total,2025-10-06 18:00:00,3,159.71580505371094
720,A,2025-10-07 00:00:00,0,15.288181682038552
721,B,2025-10-07 00:00:00,0,20.659898571037132
722,C,2025-10-07 00:00:00,0,11.500342067514982
723,D,2025-10-07 00:00:00,0,7.996143452419587
724,Total,2025-10-07 00:00:00,0,57.6610221862793
725,A,2025-10-07 06:00:00,1,32.443195345037665
726,B,2025-10-07 06:00:00,1,43.75570790609504
727,C,2025-10-07 06:00:00,1,25.816198418794023
728,D,2025-10-07 06:00:00,1,19.06791663299074
729,Total,2025-10-07 06:00:00,1,126.6789779663086
730,A,2025-10-07 12:00:00,2,45.99808212936574
731,B,2025-10-07 12:00:00,2,60.31842632977133
732,C,2025-10-07 12:00:00,2,36.43075417935783
733,D,2025-10-07 12:00:00,2,26.313980418756078
734,Total,2025-10-07 12:00:00,2,176.32369995117188
735,A,2025-10-07 18:00:00,3,39.48542104164798
736,B,2025-10-07 18:00:00,3,55.266277786529926
737,C,2025-10-07 18:00:00,3,31.288344618262244
738,D,2025-10-07 18:00:00,3,22.385754016023228
739,Total,2025-10-07 18:00:00,3,154.63714599609375
740,A,2025-10-08 00:00:00,0,15.043683079129075
741,B,2025-10-08 00:00:00,0,21.043226807314554
742,C,2025-10-08 00:00:00,0,11.574010945701753
743,D,2025-10-08 00:00:00,0,8.083009030830691
744,Total,2025-10-08 00:00:00,0,57.91155242919922
745,A,2025-10-08 06:00:00,1,31.392372696995857
746,B,2025-10-08 06:00:00,1,42.186027833783655
747,C,2025-10-08 06:00:00,1,25.273040282044107
748,D,2025-10-08 06:00:00,1,18.951519582989373
749,Total,2025-10-08 06:00:00,1,123.06385803222656
750,A,2025-10-08 12:00:00,2,45.852692268811296
751,B,2025-10-08 12:00:00,2,60.870324753327445
752,C,2025-10-08 12:00:00,2,37.20320440862008
753,D,2025-10-08 12:00:00,2,26.571305691738743
754,Total,2025-10-08 12:00:00,2,177.8965606689453
755,A,2025-10-08 18:00:00,3,38.386294061781385
756,B,2025-10-08 18:00:00,3,54.9255581611378
757,C,2025-10-08 18:00:00,3,30.62449101072104
758,D,2025-10-08 18:00:00,3,22.141691167299715
759,Total,2025-10-08 18:00:00,3,151.72837829589844
760,A,2025-10-09 00:00:00,0,14.504498023965313
761,B,2025-10-09 00:00:00,0,20.46380335680607
762,C,2025-10-09 00:00:00,0,10.971744960369975
763,D,2025-10-09 00:00:00,0,7.5208043744958495
764,Total,2025-10-09 00:00:00,0,55.94829559326172
765,A,2025-10-09 06:00:00,1,31.651791576315233
766,B,2025-10-09 06:00:00,1,42.17422214656549
767,C,2025-10-09 06:00:00,1,25.12745384890738
768,D,2025-10-09 06:00:00,1,18.4703491091201
769,Total,2025-10-09 06:00:00,1,122.74169158935547
770,A,2025-10-09 12:00:00,2,44.65503041196275
771,B,2025-10-09 12:00:00,2,58.426039231323
772,C,2025-10-09 12:00:00,2,35.74809977118342
773,D,2025-10-09 12:00:00,2,25.53406224446637
774,Total,2025-10-09 12:00:00,2,171.48834228515625
775,A,2025-10-09 18:00:00,3,38.31159458899958
776,B,2025-10-09 18:00:00,3,54.088879328772094
777,C,2025-10-09 18:00:00,3,30.25348495679969
778,D,2025-10-09 18:00:00,3,22.14749471582171
779,Total,2025-10-09 18:00:00,3,151.16647338867188
780,A,2025-10-10 00:00:00,0,14.559251766055251
781,B,2025-10-10 00:00:00,0,20.94113040894021
782,C,2025-10-10 00:00:00,0,11.274455813159417
783,D,2025-10-10 00:00:00,0,8.032130700809969
784,Total,2025-10-10 00:00:00,0,57.12567138671875
785,A,2025-10-10 06:00:00,1,31.73015633624511
786,B,2025-10-10 06:00:00,1,41.98120362060976
787,C,2025-10-10 06:00:00,1,25.28192584349452
788,D,2025-10-10 06:00:00,1,18.961224888432344
789,Total,2025-10-10 06:00:00,1,123.49746704101562
790,A,2025-10-10 12:00:00,2,46.43505791924295
791,B,2025-10-10 12:00:00,2,60.427520528401274
792,C,2025-10-10 12:00:00,2,37.27161882053939
793,D,2025-10-10 12:00:00,2,26.976808514897435
794,Total,2025-10-10 12:00:00,2,178.84344482421875
795,A,2025-10-10 18:00:00,3,39.09067187262181
796,B,2025-10-10 18:00:00,3,55.57243499884672
797,C,2025-10-10 18:00:00,3,31.290749621948862
798,D,2025-10-10 18:00:00,3,22.2808027015289
799,Total,2025-10-10 18:00:00,3,154.8619842529297
800,A,2025-10-11 00:00:00,0,16.43451457931498
801,B,2025-10-11 00:00:00,0,23.39421229443572
802,C,2025-10-11 00:00:00,0,12.673327258732671
803,D,2025-10-11 00:00:00,0,9.206457220055693
804,Total,2025-10-11 00:00:00,0,64.74383544921875
805,A,2025-10-11 06:00:00,1,29.097825571867165
806,B,2025-10-11 06:00:00,1,39.26512678771604
807,C,2025-10-11 06:00:00,1,22.25054309220054
808,D,2025-10-11 06:00:00,1,17.54587497057954
809,Total,2025-10-11 06:00:00,1,112.81067657470703
810,A,2025-10-11 12:00:00,2,43.48893647105966
811,B,2025-10-11 12:00:00,2,59.428592043068505
812,C,2025-10-11 12:00:00,2,34.84756015649282
813,D,2025-10-11 12:00:00,2,26.00614202701086
814,Total,2025-10-11 12:00:00,2,170.5988311767578
815,A,2025-10-11 18:00:00,3,40.41889654793766
816,B,2025-10-11 18:00:00,3,59.42371291036736
817,C,2025-10-11 18:00:00,3,33.45839265315051
818,D,2025-10-11 18:00:00,3,23.653126153925328
819,Total,2025-10-11 18:00:00,3,163.84344482421875
820,A,2025-10-12 00:00:00,0,17.3152819180123
821,B,2025-10-12 00:00:00,0,25.283877006490346
822,C,2025-10-12 00:00:00,0,13.326419992679854
823,D,2025-10-12 00:00:00,0,9.160252724968377
824,Total,2025-10-12 00:00:00,0,68.53497314453125
825,A,2025-10-12 06:00:00,1,30.5052523226422
826,B,2025-10-12 06:00:00,1,42.01263609996832
827,C,2025-10-12 06:00:00,1,23.345181835633635
828,D,2025-10-12 06:00:00,1,17.819051972285635
829,Total,2025-10-12 06:00:00,1,118.45083618164062
830,A,2025-10-12 12:00:00,2,45.14222990100443
831,B,2025-10-12 12:00:00,2,63.11055509525809
832,C,2025-10-12 12:00:00,2,36.83292881574657
833,D,2025-10-12 12:00:00,2,26.518919519289746
834,Total,2025-10-12 12:00:00,2,178.9213409423828
835,A,2025-10-12 18:00:00,3,39.48471767256883
836,B,2025-10-12 18:00:00,3,59.0985102425105
837,C,2025-10-12 18:00:00,3,32.887200390024844
838,D,2025-10-12 18:00:00,3,22.90837304072103
839,Total,2025-10-12 18:00:00,3,160.93772888183594
840,A,2025-10-13 00:00:00,0,16.13532539166074
841,B,2025-10-13 00:00:00,0,21.554550609485254
842,C,2025-10-13 00:00:00,0,12.283075728626415
843,D,2025-10-13 00:00:00,0,7.814691226007623
844,Total,2025-10-13 00:00:00,0,60.17580795288086
845,A,2025-10-13 06:00:00,1,35.149460364481925
846,B,2025-10-13 06:00:00,1,46.774960469136786
847,C,2025-10-13 06:00:00,1,27.891762484708888
848,D,2025-10-13 06:00:00,1,20.78053546981937
849,Total,2025-10-13 06:00:00,1,136.31988525390625
850,A,2025-10-13 12:00:00,2,49.29228458303866
851,B,2025-10-13 12:00:00,2,65.4910899181115
852,C,2025-10-13 12:00:00,2,39.221799554179725
853,D,2025-10-13 12:00:00,2,29.045847520597853
854,Total,2025-10-13 12:00:00,2,190.6143035888672
855,A,2025-10-13 18:00:00,3,40.167690609684016
856,B,2025-10-13 18:00:00,3,56.83274436624881
857,C,2025-10-13 18:00:00,3,31.459865101537314
858,D,2025-10-13 18:00:00,3,22.85523356053035
859,Total,2025-10-13 18:00:00,3,157.3576202392578
860,A,2025-10-14 00:00:00,0,14.656486685415478
861,B,2025-10-14 00:00:00,0,20.586066204821492
862,C,2025-10-14 00:00:00,0,10.673799648112674
863,D,2025-10-14 00:00:00,0,7.39273950648068
864,Total,2025-10-14 00:00:00,0,55.48774719238281
865,A,2025-10-14 06:00:00,1,31.823703454468003
866,B,2025-10-14 06:00:00,1,43.01416990964316
867,C,2025-10-14 06:00:00,1,25.080536968911915
868,D,2025-10-14 06:00:00,1,18.542483297958373
869,Total,2025-10-14 06:00:00,1,123.63951873779297
870,A,2025-10-14 12:00:00,2,46.12649309261964
871,B,2025-10-14 12:00:00,2,61.118904609650436
872,C,2025-10-14 12:00:00,2,36.637895182856894
873,D,2025-10-14 12:00:00,2,26.91225173920165
874,Total,2025-10-14 12:00:00,2,177.95994567871094
875,A,2025-10-14 18:00:00,3,39.4395662996378
876,B,2025-10-14 18:00:00,3,54.98364495595139
877,C,2025-10-14 18:00:00,3,31.433082555578064
878,D,2025-10-14 18:00:00,3,22.38881670061253
879,Total,2025-10-14 18:00:00,3,154.71621704101562
880,A,2025-10-15 00:00:00,0,13.737689612381907
881,B,2025-10-15 00:00:00,0,19.70024167766708
882,C,2025-10-15 00:00:00,0,10.774700830930342
883,D,2025-10-15 00:00:00,0,7.623961506950359
884,Total,2025-10-15 00:00:00,0,53.78571701049805
885,A,2025-10-15 06:00:00,1,31.870467331110763
886,B,2025-10-15 06:00:00,1,42.19402144514314
887,C,2025-10-15 06:00:00,1,24.96954988475261
888,D,2025-10-15 06:00:00,1,18.612804295536453
889,Total,2025-10-15 06:00:00,1,122.8493423461914
890,A,2025-10-15 12:00:00,2,45.17336131258766
891,B,2025-10-15 12:00:00,2,59.4322182937603
892,C,2025-10-15 12:00:00,2,35.93534091947933
893,D,2025-10-15 12:00:00,2,26.015638083181507
894,Total,2025-10-15 12:00:00,2,173.40664672851562
895,A,2025-10-15 18:00:00,3,37.70881417422738
896,B,2025-10-15 18:00:00,3,54.97329405287469
897,C,2025-10-15 18:00:00,3,30.214905893274008
898,D,2025-10-15 18:00:00,3,21.88964893504385
899,Total,2025-10-15 18:00:00,3,150.86465454101562
900,A,2025-10-16 00:00:00,0,14.37043886910795
901,B,2025-10-16 00:00:00,0,20.03674092448811
902,C,2025-10-16 00:00:00,0,10.541824572285934
903,D,2025-10-16 00:00:00,0,7.214483545342371
904,Total,2025-10-16 00:00:00,0,54.21455383300781
905,A,2025-10-16 06:00:00,1,31.827346055845233
906,B,2025-10-16 06:00:00,1,41.54332254702638
907,C,2025-10-16 06:00:00,1,24.376520832241923
908,D,2025-10-16 06:00:00,1,18.32006081665649
909,Total,2025-10-16 06:00:00,1,120.65632629394531
910,A,2025-10-16 12:00:00,2,44.70602492864534
911,B,2025-10-16 12:00:00,2,58.4862662187229
912,C,2025-10-16 12:00:00,2,35.77088995648204
913,D,2025-10-16 12:00:00,2,25.801598940705382
914,Total,2025-10-16 12:00:00,2,171.80787658691406
915,A,2025-10-16 18:00:00,3,38.18659726326585
916,B,2025-10-16 18:00:00,3,53.967076328071755
917,C,2025-10-16 18:00:00,3,29.73361557250364
918,D,2025-10-16 18:00:00,3,22.055175664649965
919,Total,2025-10-16 18:00:00,3,150.02236938476562
920,A,2025-10-17 00:00:00,0,13.746365788710692
921,B,2025-10-17 00:00:00,0,19.77455080172349
922,C,2025-10-17 00:00:00,0,10.263043482601123
923,D,2025-10-17 00:00:00,0,7.918204576928074
924,Total,2025-10-17 00:00:00,0,53.16440200805664
925,A,2025-10-17 06:00:00,1,31.219485842194615
926,B,2025-10-17 06:00:00,1,41.21908414261762
927,C,2025-10-17 06:00:00,1,25.06279999437949
928,D,2025-10-17 06:00:00,1,18.681330177973813
929,Total,2025-10-17 06:00:00,1,120.81925201416016
930,A,2025-10-17 12:00:00,2,45.76943315911157
931,B,2025-10-17 12:00:00,2,60.06538723422146
932,C,2025-10-17 12:00:00,2,36.64088748079999
933,D,2025-10-17 12:00:00,2,26.37364210145291
934,Total,2025-10-17 12:00:00,2,175.90464782714844
935,A,2025-10-17 18:00:00,3,39.56562966933032
936,B,2025-10-17 18:00:00,3,55.158170706211386
937,C,2025-10-17 18:00:00,3,31.16611227052538
938,D,2025-10-17 18:00:00,3,22.48517127727275
939,Total,2025-10-17 18:00:00,3,154.69088745117188
940,A,2025-10-18 00:00:00,0,15.608244797578745
941,B,2025-10-18 00:00:00,0,22.20923493130742
942,C,2025-10-18 00:00:00,0,12.24573806523441
943,D,2025-10-18 00:00:00,0,8.242382849037384
944,Total,2025-10-18 00:00:00,0,60.41645812988281
945,A,2025-10-18 06:00:00,1,29.41698617995327
946,B,2025-10-18 06:00:00,1,38.96886378810183
947,C,2025-10-18 06:00:00,1,22.685509395277634
948,D,2025-10-18 06:00:00,1,17.42356041358378
949,Total,2025-10-18 06:00:00,1,113.08808898925781
950,A,2025-10-18 12:00:00,2,43.32216960125412
951,B,2025-10-18 12:00:00,2,59.72569180645213
952,C,2025-10-18 12:00:00,2,35.04952084125392
953,D,2025-10-18 12:00:00,2,25.842435179628687
954,Total,2025-10-18 12:00:00,2,170.79762268066406
955,A,2025-10-18 18:00:00,3,39.88773968420698
956,B,2025-10-18 18:00:00,3,59.15414729601758
957,C,2025-10-18 18:00:00,3,32.72618226507821
958,D,2025-10-18 18:00:00,3,23.661003134763156
959,Total,2025-10-18 18:00:00,3,162.20379638671875
960,A,2025-10-19 00:00:00,0,16.505998714675545
961,B,2025-10-19 00:00:00,0,23.143341379717747
962,C,2025-10-19 00:00:00,0,12.660036296919792
963,D,2025-10-19 00:00:00,0,9.260057297804352
964,Total,2025-10-19 00:00:00,0,63.582393646240234
965,A,2025-10-19 06:00:00,1,30.259641059090796
966,B,2025-10-19 06:00:00,1,41.54753835420132
967,C,2025-10-19 06:00:00,1,23.485868194397682
968,D,2025-10-19 06:00:00,1,17.68212252780825
969,Total,2025-10-19 06:00:00,1,117.72364044189453
970,A,2025-10-19 12:00:00,2,45.63918488918034
971,B,2025-10-19 12:00:00,2,62.390849902036216
972,C,2025-10-19 12:00:00,2,36.61384130459946
973,D,2025-10-19 12:00:00,2,26.299244860604883
974,Total,2025-10-19 12:00:00,2,178.50491333007812
975,A,2025-10-19 18:00:00,3,39.928508935543306
976,B,2025-10-19 18:00:00,3,59.10049264893762
977,C,2025-10-19 18:00:00,3,32.926438092205146
978,D,2025-10-19 18:00:00,3,23.047876248912072
979,Total,2025-10-19 18:00:00,3,161.95387268066406
980,A,2025-10-20 00:00:00,0,15.567131902328704
981,B,2025-10-20 00:00:00,0,22.235265741228385
982,C,2025-10-20 00:00:00,0,12.176429547217047
983,D,2025-10-20 00:00:00,0,8.064743327719516
984,Total,2025-10-20 00:00:00,0,60.61699676513672
985,A,2025-10-20 06:00:00,1,34.31565754400676
986,B,2025-10-20 06:00:00,1,46.37044447949173
987,C,2025-10-20 06:00:00,1,27.77550228940644
988,D,2025-10-20 06:00:00,1,20.23342876052036
989,Total,2025-10-20 06:00:00,1,134.66748046875
990,A,2025-10-20 12:00:00,2,49.742494950704256
991,B,2025-10-20 12:00:00,2,65.89852364735174
992,C,2025-10-20 12:00:00,2,39.6604057997034
993,D,2025-10-20 12:00:00,2,28.576239214606332
994,Total,2025-10-20 12:00:00,2,191.59364318847656
995,A,2025-10-20 18:00:00,3,40.06873346255744
996,B,2025-10-20 18:00:00,3,57.008439044102744
997,C,2025-10-20 18:00:00,3,31.57887651341487
998,D,2025-10-20 18:00:00,3,22.9892699649103
999,Total,2025-10-20 18:00:00,3,157.49630737304688
1000,A,2025-10-21 00:00:00,0,14.522665112357563
1001,B,2025-10-21 00:00:00,0,20.451790780743583
1002,C,2025-10-21 00:00:00,0,11.074557204598545
1003,D,2025-10-21 00:00:00,0,7.258360426012469
1004,Total,2025-10-21 00:00:00,0,55.42085266113281
1005,A,2025-10-21 06:00:00,1,31.476525383250266
1006,B,2025-10-21 06:00:00,1,42.63300231191188
1007,C,2025-10-21 06:00:00,1,25.309263099027017
1008,D,2025-10-21 06:00:00,1,18.440067314331344
1009,Total,2025-10-21 06:00:00,1,122.94424438476562
1010,A,2025-10-21 12:00:00,2,45.86306482453605
1011,B,2025-10-21 12:00:00,2,60.42483959769239
1012,C,2025-10-21 12:00:00,2,36.76503977815792
1013,D,2025-10-21 12:00:00,2,26.719402296195668
1014,Total,2025-10-21 12:00:00,2,176.73292541503906
1015,A,2025-10-21 18:00:00,3,38.244792195359715
1016,B,2025-10-21 18:00:00,3,54.28559689563902
1017,C,2025-10-21 18:00:00,3,31.17400393398582
1018,D,2025-10-21 18:00:00,3,22.39562356894855
1019,Total,2025-10-21 18:00:00,3,152.17227172851562
1020,A,2025-10-22 00:00:00,0,14.348867270896283
1021,B,2025-10-22 00:00:00,0,19.948368349052714
1022,C,2025-10-22 00:00:00,0,11.122449022473637
1023,D,2025-10-22 00:00:00,0,7.505816227328344
1024,Total,2025-10-22 00:00:00,0,54.932518005371094
1025,A,2025-10-22 06:00:00,1,31.859043652109182
1026,B,2025-10-22 06:00:00,1,42.25627085715293
1027,C,2025-10-22 06:00:00,1,24.995417147869617
1028,D,2025-10-22 06:00:00,1,18.817884866610957
1029,Total,2025-10-22 06:00:00,1,122.89157104492188
1030,A,2025-10-22 12:00:00,2,45.244923156435206
1031,B,2025-10-22 12:00:00,2,59.383322053334595
1032,C,2025-10-22 12:00:00,2,36.558975055157205
1033,D,2025-10-22 12:00:00,2,26.124678920253658
1034,Total,2025-10-22 12:00:00,2,174.49147033691406
1035,A,2025-10-22 18:00:00,3,37.243936091185276
1036,B,2025-10-22 18:00:00,3,53.42438591201857
1037,C,2025-10-22 18:00:00,3,29.98841801000318
1038,D,2025-10-22 18:00:00,3,21.690646346961422
1039,Total,2025-10-22 18:00:00,3,148.06663513183594
1040,A,2025-10-23 00:00:00,0,14.300430832734918
1041,B,2025-10-23 00:00:00,0,20.217513974067444
1042,C,2025-10-23 00:00:00,0,11.385577260248477
1043,D,2025-10-23 00:00:00,0,7.931962437648871
1044,Total,2025-10-23 00:00:00,0,56.43695068359375
1045,A,2025-10-23 06:00:00,1,32.091045049530344
1046,B,2025-10-23 06:00:00,1,42.37704303442328
1047,C,2025-10-23 06:00:00,1,25.021427689180282
1048,D,2025-10-23 06:00:00,1,18.286213406248415
1049,Total,2025-10-23 06:00:00,1,122.72869873046875
1050,A,2025-10-23 12:00:00,2,43.99009840261404
1051,B,2025-10-23 12:00:00,2,57.977016418530965
1052,C,2025-10-23 12:00:00,2,35.749603614465734
1053,D,2025-10-23 12:00:00,2,25.58009457555869
1054,Total,2025-10-23 12:00:00,2,170.1564178466797
1055,A,2025-10-23 18:00:00,3,37.44325584130707
1056,B,2025-10-23 18:00:00,3,53.46180510005935
1057,C,2025-10-23 18:00:00,3,29.543937960194246
1058,D,2025-10-23 18:00:00,3,21.805614021107793
1059,Total,2025-10-23 18:00:00,3,148.23397827148438
1060,A,2025-10-24 00:00:00,0,14.666836790062831
1061,B,2025-10-24 00:00:00,0,20.444804060239203
1062,C,2025-10-24 00:00:00,0,11.290905641949836
1063,D,2025-10-24 00:00:00,0,8.28687134679842
1064,Total,2025-10-24 00:00:00,0,57.068424224853516
1065,A,2025-10-24 06:00:00,1,31.6000894163482
1066,B,2025-10-24 06:00:00,1,41.57068274877331
1067,C,2025-10-24 06:00:00,1,24.859406501262562
1068,D,2025-10-24 06:00:00,1,18.571067213742882
1069,Total,2025-10-24 06:00:00,1,121.61518859863281
1070,A,2025-10-24 12:00:00,2,45.7031450998877
1071,B,2025-10-24 12:00:00,2,59.32145901171053
1072,C,2025-10-24 12:00:00,2,36.71414547012989
1073,D,2025-10-24 12:00:00,2,26.48982612475381
1074,Total,2025-10-24 12:00:00,2,175.50299072265625
1075,A,2025-10-24 18:00:00,3,39.12906909286707
1076,B,2025-10-24 18:00:00,3,54.881296215660356
1077,C,2025-10-24 18:00:00,3,30.649821977703684
1078,D,2025-10-24 18:00:00,3,22.0797628938226
1079,Total,2025-10-24 18:00:00,3,152.61192321777344
1080,A,2025-10-25 00:00:00,0,16.15044160893693
1081,B,2025-10-25 00:00:00,0,22.97608398175993
1082,C,2025-10-25 00:00:00,0,12.377447516401006
1083,D,2025-10-25 00:00:00,0,8.551043887378453
1084,Total,2025-10-25 00:00:00,0,62.26945114135742
1085,A,2025-10-25 06:00:00,1,29.664236539865232
1086,B,2025-10-25 06:00:00,1,39.70488989572607
1087,C,2025-10-25 06:00:00,1,23.075361964999875
1088,D,2025-10-25 06:00:00,1,17.475113039838515
1089,Total,2025-10-25 06:00:00,1,114.94133758544922
1090,A,2025-10-25 12:00:00,2,43.222255904913354
1091,B,2025-10-25 12:00:00,2,59.72397374244079
1092,C,2025-10-25 12:00:00,2,35.27076352724992
1093,D,2025-10-25 12:00:00,2,25.9783755921806
1094,Total,2025-10-25 12:00:00,2,171.60377502441406
1095,A,2025-10-25 18:00:00,3,39.80665032002763
1096,B,2025-10-25 18:00:00,3,58.82691487663101
1097,C,2025-10-25 18:00:00,3,32.52411563721007
1098,D,2025-10-25 18:00:00,3,23.645616208977977
1099,Total,2025-10-25 18:00:00,3,161.26519775390625
1100,A,2025-10-26 00:00:00,0,17.017469456318754
1101,B,2025-10-26 00:00:00,0,24.625018594802413
1102,C,2025-10-26 00:00:00,0,12.9954503382843
1103,D,2025-10-26 00:00:00,0,9.074358573332573
1104,Total,2025-10-26 00:00:00,0,66.51675415039062
1105,A,2025-10-26 06:00:00,1,30.92968688301391
1106,B,2025-10-26 06:00:00,1,41.68567609551846
1107,C,2025-10-26 06:00:00,1,23.763307069699067
1108,D,2025-10-26 06:00:00,1,17.86906878996436
1109,Total,2025-10-26 06:00:00,1,119.2477035522461
1110,A,2025-10-26 12:00:00,2,43.76372316815139
1111,B,2025-10-26 12:00:00,2,62.312689230285635
1112,C,2025-10-26 12:00:00,2,36.4442575667759
1113,D,2025-10-26 12:00:00,2,26.055145235592747
1114,Total,2025-10-26 12:00:00,2,175.91595458984375
1115,A,2025-10-26 18:00:00,3,39.2689455057298
1116,B,2025-10-26 18:00:00,3,58.24850427042514
1117,C,2025-10-26 18:00:00,3,32.31743864538345
1118,D,2025-10-26 18:00:00,3,22.763504065033874
1119,Total,2025-10-26 18:00:00,3,158.9655303955078
1120,A,2025-10-27 00:00:00,0,15.528441139639844
1121,B,2025-10-27 00:00:00,0,21.240864908783543
1122,C,2025-10-27 00:00:00,0,11.910441726274948
1123,D,2025-10-27 00:00:00,0,7.959080979726714
1124,Total,2025-10-27 00:00:00,0,59.154518127441406
1125,A,2025-10-27 06:00:00,1,33.568438509499295
1126,B,2025-10-27 06:00:00,1,46.37415925768573
1127,C,2025-10-27 06:00:00,1,27.19387893282937
1128,D,2025-10-27 06:00:00,1,19.939982230954833
1129,Total,2025-10-27 06:00:00,1,132.74945068359375
1130,A,2025-10-27 12:00:00,2,49.068461058185406
1131,B,2025-10-27 12:00:00,2,64.771926935189
1132,C,2025-10-27 12:00:00,2,39.233600135036774
1133,D,2025-10-27 12:00:00,2,28.552916359198683
1134,Total,2025-10-27 12:00:00,2,189.25140380859375
1135,A,2025-10-27 18:00:00,3,40.630729941500356
1136,B,2025-10-27 18:00:00,3,56.70611754806612
1137,C,2025-10-27 18:00:00,3,31.55729213883907
1138,D,2025-10-27 18:00:00,3,23.079809803967503
1139,Total,2025-10-27 18:00:00,3,157.9864501953125
1140,A,2025-10-28 00:00:00,0,14.73757624243237
1141,B,2025-10-28 00:00:00,0,20.3855791525767
1142,C,2025-10-28 00:00:00,0,10.881424472086959
1143,D,2025-10-28 00:00:00,0,7.280220662383951
1144,Total,2025-10-28 00:00:00,0,55.78102493286133
1145,A,2025-10-28 06:00:00,1,30.964022327952726
1146,B,2025-10-28 06:00:00,1,42.048255770051824
1147,C,2025-10-28 06:00:00,1,24.977042925794606
1148,D,2025-10-28 06:00:00,1,17.82763358893278
1149,Total,2025-10-28 06:00:00,1,120.6474380493164
1150,A,2025-10-28 12:00:00,2,44.95233539271888
1151,B,2025-10-28 12:00:00,2,60.29125325856748
1152,C,2025-10-28 12:00:00,2,36.0224912155093
1153,D,2025-10-28 12:00:00,2,26.22266963729369
1154,Total,2025-10-28 12:00:00,2,174.6881103515625
1155,A,2025-10-28 18:00:00,3,38.497650921322155
1156,B,2025-10-28 18:00:00,3,54.70857173454673
1157,C,2025-10-28 18:00:00,3,30.76583846702435
1158,D,2025-10-28 18:00:00,3,22.03307155227766
1159,Total,2025-10-28 18:00:00,3,152.38084411621094
1160,A,2025-10-29 00:00:00,0,13.983223890754171
1161,B,2025-10-29 00:00:00,0,20.390095632151255
1162,C,2025-10-29 00:00:00,0,10.803851107584197
1163,D,2025-10-29 00:00:00,0,7.424109105075563
1164,Total,2025-10-29 00:00:00,0,54.86679458618164
1165,A,2025-10-29 06:00:00,1,31.4502183608092
1166,B,2025-10-29 06:00:00,1,41.389868517109576
1167,C,2025-10-29 06:00:00,1,24.844864297565167
1168,D,2025-10-29 06:00:00,1,18.29430259343696
1169,Total,2025-10-29 06:00:00,1,121.08525085449219
1170,A,2025-10-29 12:00:00,2,44.938096823622345
1171,B,2025-10-29 12:00:00,2,58.55714595227833
1172,C,2025-10-29 12:00:00,2,35.578980004730795
1173,D,2025-10-29 12:00:00,2,25.871214650703983
1174,Total,2025-10-29 12:00:00,2,171.44256591796875
1175,A,2025-10-29 18:00:00,3,37.854343182231176
1176,B,2025-10-29 18:00:00,3,54.442348507002436
1177,C,2025-10-29 18:00:00,3,30.376728817746084
1178,D,2025-10-29 18:00:00,3,21.992971819375292
1179,Total,2025-10-29 18:00:00,3,150.7163543701172
1180,A,2025-10-30 00:00:00,0,13.811414126422783
1181,B,2025-10-30 00:00:00,0,19.835059394451847
1182,C,2025-10-30 00:00:00,0,10.257207834727097
1183,D,2025-10-30 00:00:00,0,6.857177180164877
1184,Total,2025-10-30 00:00:00,0,52.73955535888672
1185,A,2025-10-30 06:00:00,1,31.50276486890891
1186,B,2025-10-30 06:00:00,1,40.94610206304725
1187,C,2025-10-30 06:00:00,1,24.550400363453313
1188,D,2025-10-30 06:00:00,1,18.221434875916216
1189,Total,2025-10-30 06:00:00,1,120.12525939941406
1190,A,2025-10-30 12:00:00,2,44.034179347552524
1191,B,2025-10-30 12:00:00,2,57.887560961809086
1192,C,2025-10-30 12:00:00,2,35.18744046067614
1193,D,2025-10-30 12:00:00,2,25.239188828350912
1194,Total,2025-10-30 12:00:00,2,169.5924835205078
1195,A,2025-10-30 18:00:00,3,37.67224882576311
1196,B,2025-10-30 18:00:00,3,53.873068106491075
1197,C,2025-10-30 18:00:00,3,30.027567976561798
1198,D,2025-10-30 18:00:00,3,21.850107797482835
1199,Total,2025-10-30 18:00:00,3,149.87777709960938
